gameNumber,gameLength
6001,10
6002,54
6003,50
6004,32
6005,11
6006,8
6007,27
6008,51
6009,39
6010,41
6011,23
6012,35
6013,46
6014,24
6015,22
6016,53
6017,50
6018,22
6019,26
6020,37
6021,34
6022,9
6023,12
6024,68
6025,70
6026,46
6027,9
6028,20
6029,40
6030,52
6031,13
6032,15
6033,23
6034,25
6035,80
6036,13
6037,59
6038,59
6039,8
6040,20
6041,15
6042,21
6043,73
6044,59
6045,79
6046,21
6047,99
6048,38
6049,37
6050,14
6051,63
6052,47
6053,14
6054,27
6055,30
6056,14
6057,33
6058,39
6059,27
6060,29
6061,23
6062,37
6063,10
6064,8
6065,17
6066,23
6067,37
6068,19
6069,31
6070,54
6071,24
6072,20
6073,79
6074,27
6075,37
6076,24
6077,25
6078,23
6079,33
6080,19
6081,68
6082,18
6083,54
6084,20
6085,23
6086,24
6087,56
6088,96
6089,24
6090,58
6091,50
6092,36
6093,25
6094,43
6095,53
6096,84
6097,35
6098,44
6099,59
6100,72
6101,24
6102,41
6103,20
6104,28
6105,21
6106,23
6107,18
6108,48
6109,30
6110,12
6111,20
6112,13
6113,117
6114,39
6115,64
6116,20
6117,70
6118,26
6119,18
6120,23
6121,19
6122,105
6123,21
6124,53
6125,64
6126,49
6127,20
6128,41
6129,18
6130,21
6131,26
6132,35
6133,45
6134,9
6135,43
6136,56
6137,10
6138,16
6139,23
6140,25
6141,78
6142,26
6143,26
6144,22
6145,36
6146,23
6147,18
6148,24
6149,17
6150,35
6151,27
6152,35
6153,92
6154,48
6155,13
6156,95
6157,33
6158,18
6159,43
6160,17
6161,16
6162,24
6163,23
6164,49
6165,37
6166,14
6167,13
6168,33
6169,35
6170,73
6171,17
6172,36
6173,56
6174,74
6175,19
6176,33
6177,46
6178,47
6179,13
6180,25
6181,42
6182,37
6183,43
6184,21
6185,27
6186,17
6187,24
6188,17
6189,16
6190,99
6191,20
6192,25
6193,40
6194,72
6195,18
6196,25
6197,17
6198,17
6199,23
6200,23
6201,25
6202,20
6203,117
6204,26
6205,69
6206,49
6207,158
6208,90
6209,18
6210,25
6211,13
6212,26
6213,20
6214,13
6215,23
6216,30
6217,17
6218,19
6219,10
6220,46
6221,57
6222,48
6223,78
6224,16
6225,26
6226,23
6227,39
6228,24
6229,47
6230,14
6231,39
6232,34
6233,22
6234,37
6235,33
6236,59
6237,20
6238,35
6239,17
6240,16
6241,23
6242,62
6243,23
6244,27
6245,62
6246,100
6247,22
6248,20
6249,40
6250,30
6251,49
6252,17
6253,12
6254,76
6255,12
6256,72
6257,36
6258,25
6259,68
6260,13
6261,53
6262,27
6263,68
6264,30
6265,9
6266,56
6267,13
6268,98
6269,43
6270,40
6271,65
6272,30
6273,22
6274,42
6275,11
6276,62
6277,28
6278,25
6279,28
6280,37
6281,36
6282,23
6283,16
6284,28
6285,16
6286,31
6287,59
6288,25
6289,18
6290,20
6291,20
6292,32
6293,30
6294,55
6295,29
6296,27
6297,37
6298,27
6299,33
6300,20
6301,27
6302,28
6303,55
6304,97
6305,25
6306,67
6307,55
6308,40
6309,29
6310,13
6311,23
6312,50
6313,101
6314,19
6315,43
6316,43
6317,128
6318,39
6319,8
6320,46
6321,37
6322,52
6323,20
6324,39
6325,45
6326,35
6327,50
6328,61
6329,27
6330,32
6331,34
6332,23
6333,46
6334,53
6335,92
6336,28
6337,15
6338,13
6339,60
6340,75
6341,30
6342,66
6343,15
6344,18
6345,10
6346,20
6347,33
6348,51
6349,153
6350,42
6351,80
6352,10
6353,30
6354,17
6355,13
6356,24
6357,39
6358,30
6359,58
6360,30
6361,57
6362,50
6363,11
6364,63
6365,19
6366,15
6367,76
6368,19
6369,12
6370,10
6371,28
6372,27
6373,46
6374,13
6375,24
6376,130
6377,24
6378,22
6379,23
6380,46
6381,26
6382,24
6383,29
6384,53
6385,22
6386,86
6387,20
6388,25
6389,105
6390,12
6391,20
6392,23
6393,37
6394,23
6395,52
6396,26
6397,30
6398,16
6399,92
6400,30
6401,32
6402,7
6403,35
6404,31
6405,30
6406,14
6407,33
6408,46
6409,60
6410,72
6411,34
6412,65
6413,20
6414,13
6415,26
6416,33
6417,26
6418,17
6419,51
6420,29
6421,33
6422,30
6423,79
6424,23
6425,39
6426,17
6427,18
6428,83
6429,12
6430,44
6431,25
6432,54
6433,65
6434,40
6435,14
6436,27
6437,29
6438,23
6439,27
6440,74
6441,18
6442,41
6443,93
6444,79
6445,15
6446,14
6447,36
6448,50
6449,16
6450,25
6451,55
6452,41
6453,53
6454,10
6455,46
6456,13
6457,44
6458,36
6459,29
6460,27
6461,47
6462,90
6463,32
6464,32
6465,34
6466,99
6467,72
6468,27
6469,19
6470,17
6471,25
6472,20
6473,8
6474,24
6475,13
6476,20
6477,19
6478,24
6479,34
6480,54
6481,48
6482,43
6483,22
6484,29
6485,13
6486,24
6487,12
6488,51
6489,34
6490,17
6491,15
6492,74
6493,71
6494,26
6495,23
6496,35
6497,66
6498,17
6499,52
6500,30
6501,87
6502,17
6503,25
6504,38
6505,9
6506,37
6507,25
6508,17
6509,44
6510,16
6511,15
6512,10
6513,40
6514,26
6515,9
6516,32
6517,48
6518,51
6519,28
6520,83
6521,35
6522,32
6523,58
6524,57
6525,50
6526,10
6527,29
6528,8
6529,116
6530,84
6531,37
6532,23
6533,18
6534,24
6535,36
6536,17
6537,52
6538,38
6539,18
6540,33
6541,19
6542,51
6543,13
6544,7
6545,15
6546,19
6547,18
6548,21
6549,30
6550,21
6551,15
6552,23
6553,58
6554,47
6555,51
6556,38
6557,15
6558,17
6559,37
6560,38
6561,65
6562,54
6563,50
6564,50
6565,11
6566,29
6567,35
6568,55
6569,25
6570,42
6571,36
6572,74
6573,48
6574,68
6575,42
6576,34
6577,18
6578,50
6579,13
6580,66
6581,63
6582,35
6583,51
6584,13
6585,69
6586,58
6587,22
6588,19
6589,19
6590,19
6591,24
6592,31
6593,54
6594,71
6595,110
6596,21
6597,18
6598,16
6599,16
6600,23
6601,20
6602,29
6603,48
6604,38
6605,59
6606,34
6607,53
6608,180
6609,25
6610,30
6611,66
6612,40
6613,18
6614,25
6615,13
6616,28
6617,14
6618,33
6619,11
6620,38
6621,44
6622,16
6623,38
6624,24
6625,43
6626,10
6627,13
6628,52
6629,41
6630,11
6631,36
6632,25
6633,36
6634,43
6635,17
6636,30
6637,20
6638,21
6639,47
6640,42
6641,9
6642,29
6643,30
6644,94
6645,36
6646,21
6647,22
6648,18
6649,10
6650,76
6651,31
6652,43
6653,26
6654,35
6655,26
6656,29
6657,38
6658,65
6659,31
6660,21
6661,20
6662,117
6663,117
6664,57
6665,24
6666,21
6667,46
6668,24
6669,16
6670,66
6671,34
6672,27
6673,32
6674,13
6675,16
6676,22
6677,9
6678,38
6679,16
6680,40
6681,24
6682,28
6683,40
6684,20
6685,40
6686,68
6687,37
6688,21
6689,30
6690,15
6691,31
6692,29
6693,77
6694,12
6695,19
6696,17
6697,30
6698,80
6699,17
6700,16
6701,13
6702,35
6703,61
6704,18
6705,22
6706,14
6707,17
6708,31
6709,38
6710,44
6711,17
6712,43
6713,47
6714,22
6715,27
6716,28
6717,26
6718,118
6719,16
6720,20
6721,38
6722,25
6723,35
6724,19
6725,65
6726,22
6727,24
6728,31
6729,20
6730,16
6731,12
6732,55
6733,101
6734,32
6735,34
6736,21
6737,43
6738,75
6739,28
6740,19
6741,28
6742,16
6743,26
6744,55
6745,28
6746,28
6747,38
6748,17
6749,23
6750,27
6751,31
6752,18
6753,22
6754,51
6755,34
6756,92
6757,33
6758,51
6759,18
6760,20
6761,68
6762,24
6763,37
6764,13
6765,22
6766,65
6767,59
6768,53
6769,28
6770,46
6771,87
6772,11
6773,14
6774,49
6775,81
6776,14
6777,26
6778,13
6779,17
6780,32
6781,22
6782,67
6783,14
6784,17
6785,16
6786,26
6787,35
6788,39
6789,41
6790,74
6791,28
6792,17
6793,12
6794,20
6795,44
6796,10
6797,13
6798,15
6799,45
6800,41
6801,9
6802,30
6803,99
6804,63
6805,41
6806,43
6807,46
6808,26
6809,36
6810,23
6811,30
6812,10
6813,89
6814,83
6815,45
6816,66
6817,79
6818,49
6819,24
6820,95
6821,25
6822,19
6823,26
6824,16
6825,50
6826,64
6827,81
6828,19
6829,16
6830,18
6831,70
6832,22
6833,35
6834,42
6835,29
6836,92
6837,62
6838,45
6839,24
6840,14
6841,29
6842,77
6843,14
6844,80
6845,51
6846,16
6847,20
6848,47
6849,24
6850,15
6851,13
6852,8
6853,67
6854,38
6855,19
6856,19
6857,39
6858,65
6859,91
6860,22
6861,16
6862,76
6863,53
6864,71
6865,82
6866,20
6867,22
6868,35
6869,36
6870,25
6871,68
6872,16
6873,10
6874,38
6875,64
6876,19
6877,29
6878,28
6879,27
6880,7
6881,62
6882,31
6883,29
6884,19
6885,26
6886,17
6887,20
6888,17
6889,32
6890,83
6891,29
6892,23
6893,24
6894,30
6895,10
6896,12
6897,25
6898,42
6899,27
6900,23
6901,22
6902,79
6903,19
6904,50
6905,38
6906,15
6907,81
6908,21
6909,46
6910,23
6911,57
6912,22
6913,71
6914,10
6915,13
6916,15
6917,20
6918,26
6919,8
6920,15
6921,20
6922,105
6923,45
6924,25
6925,14
6926,44
6927,29
6928,28
6929,41
6930,10
6931,41
6932,10
6933,28
6934,11
6935,22
6936,60
6937,28
6938,7
6939,18
6940,19
6941,36
6942,28
6943,11
6944,59
6945,85
6946,20
6947,35
6948,88
6949,13
6950,56
6951,30
6952,79
6953,18
6954,15
6955,34
6956,28
6957,26
6958,35
6959,27
6960,15
6961,75
6962,36
6963,38
6964,10
6965,62
6966,43
6967,119
6968,39
6969,35
6970,23
6971,11
6972,19
6973,16
6974,10
6975,23
6976,54
6977,22
6978,30
6979,116
6980,14
6981,167
6982,21
6983,30
6984,20
6985,29
6986,13
6987,12
6988,29
6989,21
6990,18
6991,102
6992,58
6993,11
6994,16
6995,37
6996,64
6997,22
6998,20
6999,11
7000,34
7001,15
7002,51
7003,41
7004,14
7005,18
7006,14
7007,40
7008,44
7009,74
7010,20
7011,84
7012,15
7013,15
7014,52
7015,91
7016,11
7017,48
7018,33
7019,16
7020,24
7021,39
7022,35
7023,21
7024,25
7025,52
7026,28
7027,18
7028,31
7029,8
7030,81
7031,86
7032,46
7033,22
7034,33
7035,13
7036,11
7037,35
7038,44
7039,75
7040,36
7041,33
7042,13
7043,13
7044,38
7045,52
7046,70
7047,24
7048,15
7049,20
7050,134
7051,27
7052,13
7053,33
7054,39
7055,14
7056,23
7057,17
7058,66
7059,24
7060,62
7061,26
7062,29
7063,13
7064,24
7065,38
7066,55
7067,50
7068,52
7069,40
7070,55
7071,13
7072,17
7073,11
7074,27
7075,19
7076,41
7077,42
7078,53
7079,22
7080,40
7081,9
7082,34
7083,28
7084,28
7085,41
7086,24
7087,15
7088,36
7089,38
7090,38
7091,27
7092,39
7093,56
7094,41
7095,26
7096,26
7097,16
7098,41
7099,33
7100,48
7101,26
7102,17
7103,51
7104,13
7105,19
7106,13
7107,44
7108,8
7109,35
7110,13
7111,30
7112,90
7113,24
7114,46
7115,23
7116,65
7117,52
7118,17
7119,44
7120,31
7121,141
7122,28
7123,16
7124,53
7125,27
7126,18
7127,34
7128,38
7129,22
7130,22
7131,88
7132,21
7133,93
7134,31
7135,25
7136,9
7137,19
7138,104
7139,25
7140,17
7141,60
7142,41
7143,21
7144,46
7145,21
7146,33
7147,23
7148,23
7149,24
7150,30
7151,28
7152,12
7153,31
7154,33
7155,29
7156,35
7157,78
7158,28
7159,39
7160,15
7161,67
7162,20
7163,56
7164,68
7165,34
7166,72
7167,30
7168,22
7169,48
7170,109
7171,26
7172,22
7173,40
7174,33
7175,16
7176,156
7177,48
7178,21
7179,48
7180,27
7181,13
7182,55
7183,34
7184,25
7185,20
7186,15
7187,37
7188,15
7189,22
7190,55
7191,21
7192,38
7193,112
7194,20
7195,16
7196,24
7197,74
7198,10
7199,22
7200,33
7201,77
7202,61
7203,20
7204,21
7205,19
7206,42
7207,27
7208,25
7209,88
7210,41
7211,64
7212,12
7213,24
7214,30
7215,56
7216,28
7217,18
7218,53
7219,52
7220,28
7221,55
7222,19
7223,18
7224,11
7225,62
7226,44
7227,26
7228,45
7229,20
7230,20
7231,40
7232,31
7233,29
7234,22
7235,50
7236,23
7237,10
7238,42
7239,28
7240,24
7241,55
7242,12
7243,55
7244,93
7245,23
7246,97
7247,30
7248,46
7249,56
7250,32
7251,20
7252,30
7253,18
7254,41
7255,13
7256,30
7257,25
7258,22
7259,41
7260,71
7261,15
7262,18
7263,16
7264,31
7265,32
7266,82
7267,18
7268,130
7269,64
7270,90
7271,49
7272,25
7273,35
7274,11
7275,29
7276,9
7277,8
7278,13
7279,73
7280,100
7281,54
7282,21
7283,27
7284,9
7285,32
7286,28
7287,28
7288,12
7289,19
7290,27
7291,15
7292,94
7293,101
7294,37
7295,28
7296,26
7297,36
7298,16
7299,90
7300,27
7301,16
7302,29
7303,36
7304,24
7305,19
7306,47
7307,26
7308,20
7309,91
7310,13
7311,35
7312,25
7313,28
7314,30
7315,15
7316,46
7317,17
7318,16
7319,21
7320,26
7321,25
7322,23
7323,45
7324,30
7325,8
7326,21
7327,28
7328,47
7329,32
7330,16
7331,14
7332,42
7333,75
7334,84
7335,35
7336,20
7337,35
7338,32
7339,39
7340,80
7341,8
7342,90
7343,11
7344,20
7345,20
7346,22
7347,22
7348,50
7349,41
7350,32
7351,14
7352,66
7353,27
7354,23
7355,50
7356,17
7357,27
7358,31
7359,58
7360,17
7361,27
7362,27
7363,29
7364,15
7365,21
7366,15
7367,18
7368,72
7369,39
7370,33
7371,57
7372,26
7373,16
7374,25
7375,47
7376,37
7377,22
7378,18
7379,13
7380,40
7381,32
7382,24
7383,15
7384,17
7385,36
7386,16
7387,180
7388,13
7389,13
7390,48
7391,59
7392,18
7393,56
7394,41
7395,63
7396,22
7397,65
7398,15
7399,25
7400,12
7401,18
7402,149
7403,20
7404,95
7405,42
7406,37
7407,31
7408,24
7409,44
7410,22
7411,35
7412,35
7413,25
7414,32
7415,22
7416,13
7417,19
7418,76
7419,57
7420,34
7421,11
7422,29
7423,32
7424,9
7425,29
7426,51
7427,32
7428,13
7429,37
7430,13
7431,28
7432,73
7433,17
7434,22
7435,32
7436,31
7437,17
7438,42
7439,16
7440,63
7441,24
7442,62
7443,50
7444,18
7445,20
7446,46
7447,76
7448,79
7449,34
7450,28
7451,12
7452,27
7453,32
7454,78
7455,14
7456,35
7457,31
7458,104
7459,11
7460,46
7461,14
7462,46
7463,28
7464,43
7465,38
7466,37
7467,18
7468,19
7469,79
7470,28
7471,21
7472,27
7473,56
7474,23
7475,32
7476,29
7477,22
7478,12
7479,44
7480,47
7481,21
7482,94
7483,15
7484,17
7485,48
7486,22
7487,80
7488,65
7489,58
7490,55
7491,26
7492,40
7493,75
7494,12
7495,14
7496,50
7497,50
7498,17
7499,19
7500,36
7501,18
7502,25
7503,27
7504,33
7505,30
7506,16
7507,43
7508,26
7509,30
7510,33
7511,13
7512,67
7513,63
7514,45
7515,59
7516,30
7517,105
7518,64
7519,40
7520,26
7521,47
7522,105
7523,18
7524,25
7525,23
7526,84
7527,15
7528,27
7529,36
7530,78
7531,190
7532,91
7533,33
7534,82
7535,26
7536,41
7537,33
7538,49
7539,21
7540,22
7541,29
7542,21
7543,13
7544,23
7545,50
7546,26
7547,15
7548,34
7549,20
7550,31
7551,50
7552,15
7553,66
7554,19
7555,73
7556,88
7557,16
7558,43
7559,30
7560,13
7561,32
7562,34
7563,60
7564,52
7565,32
7566,21
7567,10
7568,17
7569,22
7570,22
7571,21
7572,52
7573,37
7574,60
7575,24
7576,10
7577,54
7578,52
7579,41
7580,14
7581,44
7582,52
7583,27
7584,42
7585,17
7586,19
7587,42
7588,22
7589,20
7590,12
7591,27
7592,12
7593,35
7594,30
7595,23
7596,12
7597,39
7598,64
7599,51
7600,39
7601,41
7602,10
7603,59
7604,41
7605,76
7606,20
7607,22
7608,27
7609,15
7610,33
7611,24
7612,26
7613,18
7614,11
7615,15
7616,50
7617,64
7618,18
7619,44
7620,24
7621,32
7622,79
7623,13
7624,43
7625,23
7626,10
7627,18
7628,35
7629,24
7630,47
7631,69
7632,35
7633,23
7634,28
7635,25
7636,21
7637,25
7638,23
7639,11
7640,16
7641,52
7642,30
7643,37
7644,18
7645,101
7646,14
7647,87
7648,17
7649,11
7650,40
7651,25
7652,106
7653,25
7654,42
7655,94
7656,35
7657,49
7658,65
7659,31
7660,45
7661,12
7662,56
7663,26
7664,25
7665,53
7666,64
7667,15
7668,12
7669,19
7670,27
7671,38
7672,22
7673,40
7674,47
7675,27
7676,32
7677,27
7678,47
7679,69
7680,39
7681,15
7682,22
7683,24
7684,91
7685,39
7686,25
7687,89
7688,67
7689,47
7690,54
7691,57
7692,76
7693,66
7694,32
7695,93
7696,16
7697,57
7698,25
7699,125
7700,23
7701,38
7702,44
7703,23
7704,19
7705,24
7706,40
7707,29
7708,39
7709,68
7710,63
7711,38
7712,45
7713,29
7714,24
7715,27
7716,22
7717,151
7718,13
7719,73
7720,187
7721,21
7722,22
7723,20
7724,38
7725,13
7726,13
7727,9
7728,33
7729,16
7730,17
7731,22
7732,43
7733,24
7734,75
7735,56
7736,74
7737,37
7738,47
7739,8
7740,42
7741,27
7742,46
7743,25
7744,36
7745,59
7746,37
7747,55
7748,30
7749,17
7750,28
7751,25
7752,29
7753,14
7754,26
7755,45
7756,16
7757,20
7758,25
7759,79
7760,22
7761,45
7762,33
7763,22
7764,34
7765,96
7766,8
7767,24
7768,23
7769,14
7770,21
7771,31
7772,30
7773,18
7774,26
7775,9
7776,46
7777,16
7778,17
7779,38
7780,52
7781,54
7782,19
7783,24
7784,26
7785,19
7786,24
7787,21
7788,37
7789,31
7790,9
7791,10
7792,72
7793,58
7794,27
7795,11
7796,18
7797,35
7798,28
7799,40
7800,59
7801,24
7802,41
7803,8
7804,32
7805,33
7806,44
7807,45
7808,7
7809,13
7810,36
7811,30
7812,35
7813,33
7814,31
7815,123
7816,117
7817,28
7818,114
7819,13
7820,27
7821,10
7822,97
7823,28
7824,36
7825,81
7826,10
7827,21
7828,79
7829,10
7830,38
7831,9
7832,13
7833,38
7834,78
7835,9
7836,63
7837,38
7838,37
7839,32
7840,88
7841,14
7842,17
7843,40
7844,24
7845,59
7846,16
7847,40
7848,18
7849,53
7850,54
7851,53
7852,30
7853,30
7854,28
7855,19
7856,47
7857,33
7858,67
7859,59
7860,13
7861,18
7862,18
7863,16
7864,59
7865,92
7866,10
7867,27
7868,24
7869,95
7870,9
7871,62
7872,43
7873,34
7874,34
7875,30
7876,31
7877,10
7878,15
7879,40
7880,29
7881,74
7882,36
7883,30
7884,38
7885,29
7886,18
7887,21
7888,11
7889,29
7890,48
7891,30
7892,47
7893,25
7894,63
7895,11
7896,11
7897,99
7898,26
7899,31
7900,63
7901,39
7902,35
7903,47
7904,14
7905,33
7906,44
7907,61
7908,39
7909,24
7910,21
7911,180
7912,51
7913,22
7914,11
7915,20
7916,48
7917,23
7918,39
7919,23
7920,119
7921,17
7922,22
7923,22
7924,67
7925,32
7926,9
7927,19
7928,68
7929,57
7930,51
7931,20
7932,19
7933,26
7934,32
7935,48
7936,32
7937,25
7938,64
7939,17
7940,18
7941,18
7942,19
7943,30
7944,18
7945,63
7946,43
7947,18
7948,45
7949,14
7950,45
7951,21
7952,47
7953,8
7954,24
7955,18
7956,25
7957,31
7958,61
7959,28
7960,38
7961,32
7962,74
7963,11
7964,19
7965,44
7966,50
7967,33
7968,45
7969,46
7970,75
7971,21
7972,73
7973,27
7974,27
7975,10
7976,41
7977,43
7978,56
7979,56
7980,23
7981,52
7982,70
7983,40
7984,37
7985,66
7986,43
7987,10
7988,29
7989,34
7990,44
7991,76
7992,38
7993,106
7994,22
7995,36
7996,21
7997,28
7998,56
7999,77
8000,22
8001,22
8002,14
8003,56
8004,57
8005,27
8006,15
8007,81
8008,26
8009,19
8010,36
8011,19
8012,15
8013,86
8014,45
8015,8
8016,18
8017,15
8018,16
8019,47
8020,46
8021,23
8022,12
8023,42
8024,30
8025,26
8026,39
8027,33
8028,30
8029,24
8030,26
8031,25
8032,45
8033,34
8034,19
8035,10
8036,21
8037,72
8038,59
8039,42
8040,48
8041,73
8042,62
8043,31
8044,21
8045,15
8046,40
8047,61
8048,69
8049,26
8050,29
8051,25
8052,24
8053,16
8054,25
8055,20
8056,24
8057,33
8058,47
8059,94
8060,22
8061,29
8062,17
8063,21
8064,73
8065,32
8066,46
8067,74
8068,34
8069,56
8070,17
8071,9
8072,52
8073,26
8074,9
8075,114
8076,33
8077,71
8078,58
8079,18
8080,26
8081,14
8082,74
8083,34
8084,39
8085,18
8086,35
8087,10
8088,23
8089,32
8090,48
8091,13
8092,19
8093,57
8094,15
8095,26
8096,23
8097,63
8098,57
8099,52
8100,98
8101,35
8102,51
8103,84
8104,68
8105,31
8106,26
8107,32
8108,30
8109,98
8110,29
8111,46
8112,58
8113,14
8114,29
8115,35
8116,42
8117,20
8118,18
8119,30
8120,33
8121,20
8122,14
8123,9
8124,16
8125,20
8126,37
8127,15
8128,109
8129,72
8130,22
8131,13
8132,10
8133,18
8134,59
8135,49
8136,17
8137,44
8138,27
8139,29
8140,105
8141,101
8142,50
8143,59
8144,30
8145,21
8146,67
8147,49
8148,21
8149,16
8150,20
8151,18
8152,43
8153,17
8154,46
8155,26
8156,19
8157,14
8158,44
8159,26
8160,12
8161,39
8162,29
8163,35
8164,25
8165,32
8166,73
8167,48
8168,21
8169,47
8170,91
8171,50
8172,29
8173,66
8174,38
8175,28
8176,58
8177,38
8178,13
8179,32
8180,64
8181,25
8182,44
8183,18
8184,29
8185,75
8186,14
8187,53
8188,38
8189,70
8190,28
8191,32
8192,28
8193,31
8194,50
8195,23
8196,54
8197,16
8198,39
8199,25
8200,16
8201,29
8202,50
8203,57
8204,49
8205,35
8206,28
8207,24
8208,34
8209,77
8210,44
8211,89
8212,76
8213,21
8214,45
8215,28
8216,41
8217,45
8218,25
8219,36
8220,21
8221,54
8222,27
8223,55
8224,9
8225,22
8226,34
8227,17
8228,39
8229,84
8230,31
8231,46
8232,21
8233,8
8234,127
8235,56
8236,47
8237,13
8238,92
8239,27
8240,31
8241,24
8242,15
8243,41
8244,33
8245,22
8246,22
8247,24
8248,22
8249,52
8250,96
8251,31
8252,56
8253,24
8254,73
8255,36
8256,37
8257,27
8258,11
8259,49
8260,22
8261,36
8262,30
8263,25
8264,29
8265,27
8266,12
8267,60
8268,16
8269,29
8270,56
8271,40
8272,42
8273,70
8274,11
8275,20
8276,33
8277,34
8278,10
8279,49
8280,13
8281,42
8282,49
8283,31
8284,21
8285,28
8286,37
8287,21
8288,42
8289,80
8290,47
8291,19
8292,27
8293,41
8294,38
8295,20
8296,36
8297,44
8298,13
8299,18
8300,17
8301,76
8302,19
8303,38
8304,53
8305,59
8306,29
8307,16
8308,49
8309,151
8310,31
8311,73
8312,19
8313,24
8314,24
8315,40
8316,33
8317,51
8318,19
8319,26
8320,31
8321,27
8322,54
8323,32
8324,25
8325,50
8326,25
8327,20
8328,26
8329,18
8330,14
8331,27
8332,81
8333,41
8334,21
8335,21
8336,22
8337,27
8338,56
8339,39
8340,10
8341,11
8342,57
8343,19
8344,19
8345,51
8346,43
8347,26
8348,27
8349,14
8350,22
8351,70
8352,81
8353,30
8354,12
8355,58
8356,63
8357,18
8358,34
8359,34
8360,26
8361,28
8362,70
8363,50
8364,28
8365,20
8366,37
8367,43
8368,35
8369,44
8370,18
8371,19
8372,47
8373,15
8374,31
8375,55
8376,43
8377,67
8378,10
8379,15
8380,43
8381,46
8382,87
8383,37
8384,47
8385,76
8386,25
8387,13
8388,30
8389,23
8390,86
8391,44
8392,20
8393,60
8394,25
8395,79
8396,30
8397,57
8398,40
8399,20
8400,21
8401,70
8402,87
8403,34
8404,49
8405,72
8406,83
8407,15
8408,16
8409,36
8410,11
8411,49
8412,96
8413,20
8414,19
8415,30
8416,56
8417,22
8418,21
8419,36
8420,36
8421,35
8422,33
8423,46
8424,11
8425,52
8426,26
8427,31
8428,13
8429,31
8430,21
8431,30
8432,36
8433,14
8434,18
8435,19
8436,62
8437,9
8438,24
8439,16
8440,21
8441,16
8442,20
8443,24
8444,11
8445,47
8446,123
8447,44
8448,35
8449,11
8450,62
8451,55
8452,26
8453,32
8454,49
8455,45
8456,21
8457,35
8458,74
8459,65
8460,32
8461,26
8462,24
8463,75
8464,50
8465,23
8466,72
8467,32
8468,76
8469,15
8470,10
8471,127
8472,26
8473,18
8474,54
8475,28
8476,8
8477,42
8478,24
8479,26
8480,17
8481,61
8482,26
8483,36
8484,51
8485,28
8486,18
8487,17
8488,15
8489,34
8490,58
8491,30
8492,51
8493,12
8494,56
8495,29
8496,40
8497,17
8498,25
8499,21
8500,37
8501,13
8502,10
8503,28
8504,19
8505,47
8506,27
8507,32
8508,40
8509,17
8510,15
8511,29
8512,31
8513,22
8514,14
8515,17
8516,100
8517,41
8518,30
8519,32
8520,11
8521,19
8522,9
8523,26
8524,12
8525,16
8526,47
8527,15
8528,34
8529,22
8530,79
8531,22
8532,30
8533,42
8534,26
8535,29
8536,60
8537,13
8538,58
8539,15
8540,15
8541,21
8542,65
8543,60
8544,20
8545,40
8546,20
8547,11
8548,25
8549,18
8550,19
8551,29
8552,12
8553,28
8554,46
8555,16
8556,13
8557,21
8558,51
8559,25
8560,80
8561,85
8562,59
8563,34
8564,70
8565,22
8566,31
8567,60
8568,40
8569,29
8570,22
8571,111
8572,27
8573,94
8574,16
8575,17
8576,115
8577,16
8578,102
8579,66
8580,25
8581,41
8582,73
8583,8
8584,107
8585,21
8586,29
8587,51
8588,22
8589,26
8590,34
8591,30
8592,14
8593,30
8594,52
8595,31
8596,29
8597,77
8598,14
8599,21
8600,14
8601,74
8602,18
8603,42
8604,74
8605,17
8606,11
8607,15
8608,40
8609,19
8610,20
8611,15
8612,53
8613,59
8614,26
8615,13
8616,39
8617,20
8618,22
8619,21
8620,52
8621,22
8622,27
8623,40
8624,36
8625,19
8626,28
8627,78
8628,17
8629,38
8630,49
8631,32
8632,33
8633,20
8634,32
8635,18
8636,31
8637,54
8638,34
8639,45
8640,87
8641,16
8642,41
8643,36
8644,28
8645,18
8646,177
8647,24
8648,25
8649,25
8650,17
8651,16
8652,33
8653,29
8654,42
8655,48
8656,30
8657,52
8658,60
8659,19
8660,22
8661,19
8662,39
8663,38
8664,55
8665,16
8666,20
8667,18
8668,86
8669,194
8670,67
8671,80
8672,26
8673,90
8674,80
8675,17
8676,10
8677,74
8678,14
8679,39
8680,23
8681,44
8682,76
8683,32
8684,23
8685,10
8686,56
8687,14
8688,12
8689,50
8690,13
8691,11
8692,26
8693,41
8694,31
8695,56
8696,19
8697,22
8698,19
8699,33
8700,10
8701,47
8702,26
8703,50
8704,58
8705,15
8706,98
8707,24
8708,26
8709,51
8710,43
8711,32
8712,23
8713,23
8714,10
8715,15
8716,31
8717,25
8718,40
8719,132
8720,53
8721,31
8722,33
8723,47
8724,11
8725,47
8726,20
8727,22
8728,48
8729,68
8730,25
8731,29
8732,13
8733,37
8734,48
8735,19
8736,52
8737,34
8738,28
8739,10
8740,25
8741,30
8742,35
8743,142
8744,11
8745,22
8746,14
8747,48
8748,31
8749,19
8750,26
8751,20
8752,30
8753,15
8754,31
8755,10
8756,25
8757,22
8758,29
8759,30
8760,27
8761,18
8762,20
8763,80
8764,44
8765,53
8766,64
8767,44
8768,20
8769,9
8770,32
8771,36
8772,60
8773,29
8774,16
8775,33
8776,24
8777,23
8778,26
8779,26
8780,12
8781,14
8782,26
8783,13
8784,19
8785,48
8786,56
8787,92
8788,40
8789,28
8790,15
8791,34
8792,19
8793,12
8794,32
8795,19
8796,29
8797,32
8798,25
8799,8
8800,17
8801,48
8802,163
8803,25
8804,13
8805,68
8806,65
8807,26
8808,41
8809,67
8810,15
8811,16
8812,32
8813,45
8814,22
8815,37
8816,52
8817,64
8818,30
8819,29
8820,18
8821,17
8822,21
8823,19
8824,82
8825,36
8826,47
8827,21
8828,32
8829,16
8830,22
8831,41
8832,27
8833,11
8834,14
8835,32
8836,40
8837,38
8838,28
8839,72
8840,45
8841,71
8842,59
8843,27
8844,83
8845,38
8846,44
8847,37
8848,40
8849,9
8850,11
8851,12
8852,24
8853,18
8854,24
8855,81
8856,152
8857,15
8858,26
8859,48
8860,14
8861,16
8862,28
8863,30
8864,24
8865,36
8866,20
8867,22
8868,40
8869,56
8870,53
8871,56
8872,19
8873,15
8874,19
8875,18
8876,33
8877,43
8878,69
8879,42
8880,48
8881,12
8882,19
8883,24
8884,17
8885,25
8886,29
8887,30
8888,31
8889,41
8890,21
8891,39
8892,45
8893,13
8894,40
8895,42
8896,44
8897,35
8898,15
8899,27
8900,11
8901,49
8902,35
8903,25
8904,42
8905,13
8906,51
8907,15
8908,32
8909,21
8910,13
8911,44
8912,24
8913,47
8914,25
8915,50
8916,12
8917,32
8918,26
8919,20
8920,44
8921,17
8922,26
8923,35
8924,18
8925,23
8926,70
8927,22
8928,36
8929,24
8930,15
8931,15
8932,40
8933,35
8934,91
8935,50
8936,25
8937,34
8938,15
8939,24
8940,141
8941,63
8942,28
8943,40
8944,54
8945,42
8946,26
8947,26
8948,26
8949,54
8950,28
8951,24
8952,14
8953,23
8954,48
8955,94
8956,18
8957,39
8958,27
8959,27
8960,20
8961,43
8962,84
8963,16
8964,59
8965,27
8966,56
8967,61
8968,30
8969,42
8970,58
8971,36
8972,25
8973,61
8974,15
8975,35
8976,17
8977,45
8978,10
8979,28
8980,33
8981,16
8982,65
8983,21
8984,14
8985,48
8986,30
8987,52
8988,72
8989,22
8990,28
8991,55
8992,22
8993,22
8994,54
8995,41
8996,72
8997,26
8998,22
8999,63
9000,21
